dataset,n,prevalence,model,folds,roc_auc,roc_auc_sd,roc_auc_lo,roc_auc_hi,pr_auc,pr_auc_sd,pr_auc_lo,pr_auc_hi,brier,brier_sd,brier_lo,brier_hi,f1,f1_sd,f1_lo,f1_hi,sensitivity,sensitivity_sd,sensitivity_lo,sensitivity_hi,specificity,specificity_sd,specificity_lo,specificity_hi
heart,918,0.5533769063180828,Logistic regression,15,0.9281682615894301,0.019117522381932144,0.9051194112668799,0.9512171119119803,0.9352059762164515,0.019991239784135147,0.9111037372159512,0.9593082152169519,0.10227977536645323,0.014819066232371903,0.08441331585950856,0.1201462348733979,0.8841356907633736,0.021875237474446453,0.8577620287246528,0.9105093528020944,0.9114605578204881,0.03007974310373352,0.8751952153410696,0.9477259002999066,0.8130081300813008,0.06347937372598583,0.7364748558238442,0.8895414043387574
heart,918,0.5533769063180828,Random forest,15,0.9294819223672726,0.020821273749620752,0.9043789611889239,0.9545848835456212,0.9307221028816755,0.021806338236155496,0.9044315085229071,0.9570126972404438,0.10090740712387292,0.015140414329367672,0.08265351748654211,0.11916129676120372,0.887013448458888,0.022181067912418348,0.8602710650007245,0.9137558319170515,0.9147608878534914,0.023218310907348643,0.8867679627163049,0.942753812990678,0.816260162601626,0.053845624642718186,0.7513417219104216,0.8811786032928305
heart,918,0.5533769063180828,XGBoost,15,0.926883642453198,0.016791103382537174,0.9066396160107164,0.9471276688956796,0.9274808955312549,0.01741249637481451,0.9064876928208268,0.948474098241683,0.09987054286778774,0.013476921452383443,0.08362222683817895,0.11611885889739652,0.8823486001572368,0.015431935772495037,0.8637432405974852,0.9009539597169884,0.918656571539507,0.02979554415677516,0.8827338706879837,0.9545792723910302,0.7967479674796747,0.05968435333795751,0.7247901217294894,0.86870581322986
heart,918,0.5533769063180828,SMOTE + random forest,15,0.9292875485539945,0.021042103866412424,0.9039183457462675,0.9546567513617216,0.9310272646316886,0.02333398210581237,0.902894881666926,0.9591596475964512,0.10099800147436633,0.014618738091069897,0.08337306559438644,0.11862293735434622,0.8868955564399474,0.022864844825833543,0.8593287841610747,0.9144623287188202,0.9108069630492462,0.03345848121331614,0.870468078642634,0.9511458474558585,0.8227642276422764,0.0460624893470416,0.7672294464486934,0.8782990088358594
cleveland,303,0.45874587458745875,Logistic regression,15,0.914268929373096,0.035280506658892416,0.8718266540574183,0.9567112046887737,0.9128663084149686,0.03417232684306466,0.8717571679461734,0.9539754488837638,0.11665852243596354,0.025866057205544805,0.08554178332949444,0.14777526154243265,0.8139557401697264,0.053267520000039835,0.749875176614236,0.8780363037252168,0.8080246913580247,0.09576660416388234,0.69281793938961,0.9232314433264394,0.8536616161616161,0.06409369727662195,0.7765572147958708,0.9307660175273613
cleveland,303,0.45874587458745875,Random forest,15,0.9157439140078029,0.036392795563855856,0.8719635606313008,0.959524267384305,0.9124217875693097,0.032996945269588546,0.8727266253300441,0.9521169498085753,0.12371708666271534,0.019149498288999915,0.10068033477032208,0.14675383855510862,0.8051493609054654,0.06656725421250048,0.7250692827588681,0.8852294390520627,0.8053791887125219,0.08319804893494502,0.7052923466281793,0.9054660307968645,0.8351641414141414,0.07644646426584688,0.7431994223512591,0.9271288604770237
cleveland,303,0.45874587458745875,XGBoost,15,0.8928264122708567,0.03691580728536348,0.8484168783757138,0.9372359461659996,0.8906168961362619,0.03132592717728772,0.8529319604115023,0.9283018318610216,0.14054611181663307,0.03242150971867116,0.10154319570394933,0.17954902792931682,0.7885438065399332,0.0552836705059229,0.7220378238804639,0.8550497891994024,0.8103174603174602,0.10003658642765992,0.6899739407684522,0.9306609798664682,0.7965277777777777,0.07366292753377518,0.7079116396600648,0.8851439158954907
cleveland,303,0.45874587458745875,SMOTE + random forest,15,0.9152489678531346,0.03340431125179675,0.8750637463486128,0.9554341893576563,0.9115534694883929,0.03198987776250287,0.8730698044878278,0.950037134488958,0.12308937357033582,0.018610952024994364,0.1007004901745077,0.14547825696616395,0.8119163499060503,0.05997118201900467,0.7397713140405954,0.8840613857715053,0.8152557319223985,0.08343924610398917,0.7148787308345896,0.9156327330102074,0.8372474747474747,0.07695787713822941,0.7446675285241806,0.9298274209707689
framingham,4240,0.15188679245283018,Logistic regression,15,0.7237847732053129,0.021897312519975634,0.6973560551770159,0.7502134912336098,0.34906660008567925,0.03470091498353206,0.30718471633455424,0.39094848383680425,0.11681290315931811,0.0032486527444780832,0.11289197782762084,0.12073382849101538,0.3896310896179264,0.027341998256671794,0.35663096863976673,0.4226312105960861,0.5870074289405686,0.06503852808122042,0.5085099001654729,0.6655049577156642,0.7453657343017565,0.029206070657639797,0.7101157918523742,0.7806156767511387
framingham,4240,0.15188679245283018,Random forest,15,0.7047297635080904,0.020156783626501147,0.6804017574874326,0.7290577695287481,0.32314255332803477,0.031244231480432486,0.2854326753211373,0.3608524313349322,0.11895292329688463,0.0025128369069159335,0.1159200827141238,0.12198576387964546,0.3717867252279528,0.02047978051316631,0.3470688817039985,0.3965045687519071,0.541921027131783,0.045898144060607104,0.4865247721670076,0.5973172820965584,0.7540758769896461,0.02893938247847341,0.7191478108747336,0.7890039431045586
framingham,4240,0.15188679245283018,XGBoost,15,0.6958857671373939,0.021499823286408575,0.6699367943227457,0.7218347399520422,0.31644112654499007,0.027624962596459916,0.28309948490115505,0.3497827681888251,0.12097244545583484,0.003173495265844342,0.11714223060784268,0.124802660303827,0.357678027839407,0.02113167127534915,0.33217339200369,0.383182663675124,0.5745276162790699,0.06331590752929318,0.49810918523777625,0.6509460473203635,0.7048489414309999,0.061391559563998374,0.6307530807835254,0.7789448020784743
framingham,4240,0.15188679245283018,SMOTE + random forest,15,0.6872682329991726,0.020948996914403915,0.6619840739535647,0.7125523920447805,0.28711881160989466,0.01831774835321246,0.26501040877741355,0.3092272144423758,0.14273642043170492,0.003975567541068958,0.13793815336356527,0.14753468749984458,0.34879458977719896,0.019671911504491244,0.32505179477641827,0.37253738477797965,0.6045260012919896,0.06703416120032739,0.5236198652987847,0.6854321372851946,0.6670255756451862,0.0429783435480547,0.6151533414649125,0.7188978098254598
