model,baseline,metric,mean_diff,ci_lo,ci_hi,t,p,p_holm
rf,logreg,roc_auc,0.0006502881278084427,-0.008483605702092546,0.009784181957709432,0.1469393838621151,0.8844072440249204,1.0
xgb,logreg,roc_auc,0.000626115696218097,-0.0062955289049115995,0.007547760297347794,0.1866954111781975,0.8534686408988408,1.0
hgb,logreg,roc_auc,0.0021788333783162362,-0.009361466794045701,0.013719133550678173,0.38966846688300977,0.7002182021214601,1.0
mlp,logreg,roc_auc,-0.006618842659014841,-0.023517975516481757,0.010280290198452073,-0.8083621780360741,0.42682277550478,1.0
stacking,logreg,roc_auc,0.004294169732611665,-0.0024692195620889144,0.011057559027312244,1.3103978417253261,0.2024642026311645,1.0
logreg + sigmoid,logreg,roc_auc,-0.000283582160224638,-0.001949206203797345,0.0013820418833480693,-0.3513907083951444,0.7283614619026322,1.0
logreg + isotonic,logreg,roc_auc,-0.0022662660814144918,-0.007431859743921291,0.0028993275810923072,-0.9054803012569695,0.37421188742842243,1.0
"logreg [zeros kept, legacy cleaning]",logreg,roc_auc,-0.003080718401825884,-0.008666730633055082,0.002505293829403313,-1.1382521224645246,0.26625068569041593,1.0
logreg [no missing indicator],logreg,roc_auc,-0.006242500864146705,-0.013575660607535628,0.0010906588792422168,-1.7569354828373025,0.09168141818947614,0.8251327637052853
rf,logreg,brier,-0.0007637061703683678,-0.006424828076155021,0.004897415735418285,-0.2784275083210199,0.78306903877084,1.0
xgb,logreg,brier,-0.0046606106107570135,-0.010708946556615358,0.0013877253351013306,-1.5903593355187935,0.12484149588298758,0.8738904711809131
hgb,logreg,brier,-0.004986801302538341,-0.013303374064691068,0.003329771459614387,-1.2375593083573904,0.227850913254255,1.0
mlp,logreg,brier,0.00726162125765884,-0.013822901052425647,0.02834614356774333,0.7108176058416715,0.4840484878054303,1.0
stacking,logreg,brier,-0.006570155056652004,-0.010909351696405896,-0.0022309584168981106,-3.125033202428516,0.004602270806806567,0.0414204372612591
logreg + sigmoid,logreg,brier,-0.0003581360498566399,-0.002386833621731142,0.0016705615220178622,-0.3643502552641626,0.7187870409720319,1.0
logreg + isotonic,logreg,brier,0.001716881222509638,-0.0029249385579100014,0.006358701002929278,0.7633792032536564,0.45267657513122256,1.0
"logreg [zeros kept, legacy cleaning]",logreg,brier,0.0023443070917602534,-0.0011516998298021146,0.005840314013322622,1.3839823957030597,0.17910033199904912,1.0
logreg [no missing indicator],logreg,brier,0.004725872305315338,0.00010343272131781243,0.009348311889312864,2.110080808226149,0.04546404451073756,0.36371235608590047
