model,folds,roc_auc,roc_auc_sd,roc_auc_lo,roc_auc_hi,pr_auc,pr_auc_sd,pr_auc_lo,pr_auc_hi,brier,brier_sd,brier_lo,brier_hi,ece,ece_sd,ece_lo,ece_hi,cal_slope,cal_slope_sd,cal_slope_lo,cal_slope_hi,f1,f1_sd,f1_lo,f1_hi,sensitivity,sensitivity_sd,sensitivity_lo,sensitivity_hi,specificity,specificity_sd,specificity_lo,specificity_hi,balanced_accuracy,balanced_accuracy_sd,balanced_accuracy_lo,balanced_accuracy_hi,threshold,threshold_sd,threshold_lo,threshold_hi
logreg,25,0.9290948477918093,0.01869719864168099,0.9083383910439585,0.94985130453966,0.9358199118934984,0.01844680360661944,0.9153414280021561,0.9562983957848408,0.10224046370798456,0.015526460473741942,0.08500396152139476,0.11947696589457436,0.060793811869622114,0.0156964209115796,0.04336863026937091,0.07821899346987332,1.0699089002854192,0.23010857690581749,0.8144567967169423,1.325361003853896,0.8845209249989162,0.02172804299008302,0.8603998150304043,0.9086420349674281,0.9118773053775966,0.03047545674489673,0.8780453655282603,0.9457092452269329,0.8136585365853658,0.058752143758272715,0.7484355930774791,0.8788814800932525,0.8627679209814814,0.02844413772720498,0.8311910240473876,0.8943448179155751,0.44907036890032637,0.06399875026770319,0.3780229720519689,0.5201177657486838
rf,25,0.9297451359196178,0.021176779243566913,0.9062360043726065,0.9532542674666291,0.930580029705507,0.022551566130793375,0.9055446960193895,0.9556153633916246,0.10147675753761622,0.014577492185269802,0.08529374040043075,0.11765977467480168,0.0679751899667208,0.01739913442952189,0.04865976265819743,0.08729061727524418,1.2517577195433274,0.2822778506010245,0.938390561758793,1.5651248773278619,0.886240934721986,0.017983780415888946,0.8662764701238987,0.9062053993200732,0.9193438167346147,0.026462302713184522,0.8899670286798367,0.9487206047893928,0.8073170731707318,0.045220722482290636,0.7571158645138483,0.8575182818276152,0.8633304449526733,0.022750731227467062,0.8380740106731452,0.8885868792322014,0.48335221214448276,0.03841538544605834,0.44070586165400977,0.5259985626349558
xgb,25,0.9297209634880275,0.018949401392018048,0.9086845270715974,0.9507573999044575,0.9312892670507766,0.02142507100297396,0.9075044975719154,0.9550740365296378,0.09757985309722755,0.014244811027363372,0.08176615770696496,0.11339354848749014,0.05736949649360984,0.01721755800481011,0.03825564393851276,0.07648334904870692,0.9710439013981123,0.1728182015191572,0.7791919778122358,1.1628958249839887,0.8880924704701165,0.01738735628091875,0.8687901185231345,0.9073948224170986,0.9264337021937488,0.026054106720610613,0.8975100677170483,0.9553573366704492,0.8014634146341463,0.05059138661632084,0.7453000316461456,0.857626797622147,0.8639485584139475,0.02347589074957996,0.837887097534206,0.890010019293689,0.39472378730773927,0.04873599994963459,0.3406201381780375,0.44882743643744105
hgb,25,0.9312736811701257,0.01823102212210994,0.9110347443433485,0.9515126179969028,0.9324662372970187,0.02137538607879682,0.9087366249034229,0.9561958496906146,0.09725366240544624,0.014122895859897315,0.081575309584352,0.11293201522654048,0.055962232621023525,0.01559889818707846,0.038645314630301936,0.07327915061174511,0.9435598193255338,0.16319701660871985,0.7623887315313561,1.1247309071197116,0.8848559623076236,0.016842528245752053,0.8661584442592206,0.9035534803560267,0.9177557755775578,0.03216489827782709,0.8820483237449387,0.953463227410177,0.8058536585365854,0.050640357092035626,0.7496359115991731,0.8620714054739977,0.8618047170570715,0.021698029006054092,0.8377169267303555,0.8858925073837876,0.42228312301014503,0.08363603245697285,0.3294356476463748,0.5151305983739153
mlp,25,0.9224760051327945,0.021413452244776768,0.8987041340702472,0.9462478761953418,0.9240369020932071,0.030647961856207943,0.8900134578933885,0.9580603462930257,0.10950208496564341,0.020519951983025492,0.08672212182966053,0.13228204810162628,0.07241192091228581,0.038320120589632835,0.029871327487878192,0.11495251433669343,1.2204749669802517,0.5527726146221783,0.6068214947844808,1.8341284391760226,0.8761296819940366,0.01871465127438311,0.855353850428452,0.8969055135596212,0.9098854591341489,0.028377260057518665,0.8783828055925998,0.9413881126756979,0.7926829268292682,0.04723150422204167,0.7402494744544693,0.8451163792040671,0.8512841929817084,0.023693500054669237,0.8249811559056833,0.8775872300577335,0.48417129203671705,0.04795933501945496,0.4309298475794794,0.5374127364939547
stacking,25,0.9333890175244209,0.019074538584726523,0.9122136616485692,0.9545643734002727,0.9364246019838766,0.019912156879185777,0.914319374835149,0.9585298291326041,0.09567030865133257,0.015572553106105887,0.07838263731644458,0.11295797998622055,0.057022179516822494,0.016398790791540618,0.038817270947104104,0.07522708808654088,1.0854108253350803,0.17813008213869713,0.8876619851874128,1.2831596654827477,0.8910082938480813,0.018775793711169744,0.8701645857856513,0.9118520019105114,0.9205358182877112,0.02991763650179957,0.8873231354709825,0.95374850110444,0.8190243902439026,0.055960419144311824,0.7569006442314318,0.8811481362563734,0.8697801042658068,0.025137382940611592,0.8418741590084345,0.897686049523179,0.43996397771158924,0.09361622854619321,0.3360371148721374,0.5438908405510411
logreg + sigmoid,25,0.9288112656315848,0.01854646974793804,0.908222138643854,0.9494003926193155,0.9348353124946301,0.019048175054548963,0.9136892237557618,0.9559814012334985,0.10188232765812794,0.014310431327004733,0.08599578472864894,0.11776887058760693,0.06293721358022522,0.017696122472942357,0.04329208878086257,0.08258233837958787,1.1259922762109504,0.19967053480391397,0.9043305771027974,1.3476539753191035,0.8857624291101556,0.020205998608423096,0.8633309973111747,0.9081938609091365,0.9099204038050864,0.028858086633113948,0.8778839667695058,0.9419568408406671,0.820487804878049,0.052278066456223765,0.7624519757650778,0.8785236339910201,0.8652041043415676,0.025955886080310835,0.8363895082567246,0.8940187004264105,0.46489866355719256,0.04422849503306797,0.41579896355561685,0.5139983635587683
logreg + isotonic,25,0.9268285817103948,0.018077101227074108,0.9067605182032861,0.9468966452175036,0.9309043463584044,0.018628254883279117,0.9102244266451505,0.9515842660716582,0.1039573449304942,0.015856617270041062,0.08635432338484306,0.12156036647614535,0.05997985043660182,0.020578460666348813,0.03713493463160965,0.08282476624159399,0.8604811537056563,0.19749374127859448,0.6412359941830951,1.0797263132282175,0.8810449869002107,0.018450464981463247,0.8605624383802553,0.9015275354201662,0.9028149873810911,0.02708087324943875,0.8727515011301119,0.9328784736320703,0.8180487804878049,0.04977641861453305,0.7627901238389831,0.8733074371366267,0.8604318839344479,0.023839405991790068,0.8339668712421211,0.8868968966267747,0.48500491487685266,0.05378614881380393,0.4252949073574155,0.5447149223962898
"logreg [zeros kept, legacy cleaning]",25,0.9260141293899835,0.020524070398853407,0.9032295942471648,0.9487986645328023,0.9346995302124044,0.019337979863398167,0.9132317183589949,0.9561673420658139,0.10458477079974482,0.015940370086934077,0.08688877213197682,0.12228076946751282,0.06110108590524744,0.017342035346853732,0.04184904641553354,0.08035312539496134,1.0327891378470528,0.20602210025600196,0.8040763293126187,1.261501946381487,0.8777963695136803,0.019515462069753027,0.8561315280511664,0.8994612109761942,0.9039914579693263,0.0305523992219714,0.8700741014098143,0.9379088145288383,0.806829268292683,0.05335278744933502,0.7476003513681617,0.8660581852172042,0.8554103631310046,0.02518750573794271,0.8274487746890664,0.8833719515729428,0.44012339692911623,0.052343600065585624,0.3820148165150375,0.49823197734319496
logreg [no missing indicator],25,0.9228523469276628,0.018988776930452766,0.9017721982591406,0.9439324955961851,0.9284882903991732,0.019874178900277886,0.9064252240196433,0.9505513567787032,0.10696633601329993,0.015393938234356998,0.08987695170156598,0.12405572032503387,0.058117788034028006,0.01788626300552321,0.03826158114605077,0.07797399492200524,1.0338666591518941,0.21663453173254651,0.7933725950853413,1.274360723218447,0.8772338947815439,0.023997188579745077,0.8505937217603777,0.9038740678027101,0.9114657348087749,0.03088649507271514,0.8771774859991192,0.9457539836184307,0.793170731707317,0.05582738047648795,0.7311946768761508,0.8551467865384832,0.852318233258046,0.03061209124675431,0.8183346103580869,0.8863018561580052,0.41545658626917614,0.05435259279088289,0.35511774818877406,0.4757954243495782
