threshold,strategy,net_benefit
0.01,treat all,0.5488655619374574
0.02,treat all,0.544262149304166
0.03,treat all,0.5395638209464771
0.04,treat all,0.5347676107480029
0.05,treat all,0.529870427703245
0.06,treat all,0.5248690492745561
0.07,treat all,0.5197601143205192
0.08,treat all,0.5145401155631335
0.09,treat all,0.5092053915583328
0.1,treat all,0.5037521181312031
0.11,treat all,0.49817629923380086
0.12,treat all,0.49247375717963954
0.13,treat all,0.4866401222046929
0.14,treat all,0.48067082130009625
0.15,treat all,0.47456106625656796
0.16,treat all,0.46830584085486043
0.17,treat all,0.46189988713022023
0.18,treat all,0.4553376906318083
0.19,treat all,0.44861346459022566
0.2,treat all,0.4417211328976035
0.21,treat all,0.4346543117950415
0.22,treat all,0.4274062901513882
0.23,treat all,0.4199700082053023
0.24,treat all,0.41233803462905627
0.25,treat all,0.4045025417574437
0.26,treat all,0.39645527880821996
0.27,treat all,0.3881875429014833
0.28,treat all,0.3796901476640039
0.29,treat all,0.3709533891803983
0.3,treat all,0.36196700902583256
0.31,treat all,0.35272015408417795
0.32,treat all,0.34320133282070997
0.33,treat all,0.3333983676389295
0.34,treat all,0.323298342906186
0.35,treat all,0.31288754818166586
0.36,treat all,0.30215141612200436
0.37,treat all,0.2910744544731473
0.38,treat all,0.2796401714807787
0.39,treat all,0.2678309939640701
0.4,treat all,0.2556281771968046
0.41,treat all,0.2430117056238692
0.42,treat all,0.22996018330703932
0.43,treat all,0.2164507128387418
0.44,treat all,0.20245876128229068
0.45,treat all,0.18795801148742325
0.46,treat all,0.1729201968853385
0.47,treat all,0.1573149175812883
0.48,treat all,0.1411094352270823
0.49,treat all,0.12426844376094665
0.5,treat all,0.10675381263616557
0.51,treat all,0.08852429860833222
0.52,treat all,0.06953522149600577
0.53,treat all,0.049738098549112264
0.54,treat all,0.029080231126266787
0.55,treat all,0.007504236262406039
0.56,treat all,-0.015052485640721036
0.57,treat all,-0.038658357399807386
0.58,treat all,-0.06338831829027902
0.59,treat all,-0.08932461873638331
0.6,treat all,-0.11655773420479298
0.61,treat all,-0.1451874196972236
0.62,treat all,-0.17532393074188735
0.63,treat all,-0.20708944238356009
0.64,treat all,-0.24061970467199234
0.65,treat all,-0.27606598194833487
0.66,treat all,-0.31359733435858017
0.67,treat all,-0.35340331418762816
0.68,treat all,-0.3956971677559916
0.69,treat all,-0.4407196570384423
0.7,treat all,-0.4887436456063904
0.71,treat all,-0.5400796333859214
0.72,treat all,-0.5950824774354183
0.73,treat all,-0.6541596062293228
0.74,treat all,-0.7177811295458355
0.75,treat all,-0.786492374727669
0.76,treat all,-0.8609295570079883
0.77,treat all,-0.9418395377474663
0.78,treat all,-1.030104971281442
0.79,treat all,-1.1267766365805585
0.8,treat all,-1.2331154684095864
0.81,treat all,-1.3506478614837758
0.82,treat all,-1.4812394093439836
0.83,treat all,-1.6271946687171592
0.84,treat all,-1.7913943355119821
0.85,treat all,-1.977487291212781
0.86,treat all,-2.190164954870837
0.87,treat all,-2.435562259091671
0.88,treat all,-2.721859114015977
0.89,treat all,-3.060209942562884
0.9,treat all,-3.466230936819173
0.91,treat all,-3.9624788186879707
0.92,treat all,-4.582788671023968
0.93,treat all,-5.380329909741679
0.94,treat all,-6.443718228031947
0.95,treat all,-7.932461873638338
0.01,treat none,0.0
0.02,treat none,0.0
0.03,treat none,0.0
0.04,treat none,0.0
0.05,treat none,0.0
0.06,treat none,0.0
0.07,treat none,0.0
0.08,treat none,0.0
0.09,treat none,0.0
0.1,treat none,0.0
0.11,treat none,0.0
0.12,treat none,0.0
0.13,treat none,0.0
0.14,treat none,0.0
0.15,treat none,0.0
0.16,treat none,0.0
0.17,treat none,0.0
0.18,treat none,0.0
0.19,treat none,0.0
0.2,treat none,0.0
0.21,treat none,0.0
0.22,treat none,0.0
0.23,treat none,0.0
0.24,treat none,0.0
0.25,treat none,0.0
0.26,treat none,0.0
0.27,treat none,0.0
0.28,treat none,0.0
0.29,treat none,0.0
0.3,treat none,0.0
0.31,treat none,0.0
0.32,treat none,0.0
0.33,treat none,0.0
0.34,treat none,0.0
0.35,treat none,0.0
0.36,treat none,0.0
0.37,treat none,0.0
0.38,treat none,0.0
0.39,treat none,0.0
0.4,treat none,0.0
0.41,treat none,0.0
0.42,treat none,0.0
0.43,treat none,0.0
0.44,treat none,0.0
0.45,treat none,0.0
0.46,treat none,0.0
0.47,treat none,0.0
0.48,treat none,0.0
0.49,treat none,0.0
0.5,treat none,0.0
0.51,treat none,0.0
0.52,treat none,0.0
0.53,treat none,0.0
0.54,treat none,0.0
0.55,treat none,0.0
0.56,treat none,0.0
0.57,treat none,0.0
0.58,treat none,0.0
0.59,treat none,0.0
0.6,treat none,0.0
0.61,treat none,0.0
0.62,treat none,0.0
0.63,treat none,0.0
0.64,treat none,0.0
0.65,treat none,0.0
0.66,treat none,0.0
0.67,treat none,0.0
0.68,treat none,0.0
0.69,treat none,0.0
0.7,treat none,0.0
0.71,treat none,0.0
0.72,treat none,0.0
0.73,treat none,0.0
0.74,treat none,0.0
0.75,treat none,0.0
0.76,treat none,0.0
0.77,treat none,0.0
0.78,treat none,0.0
0.79,treat none,0.0
0.8,treat none,0.0
0.81,treat none,0.0
0.82,treat none,0.0
0.83,treat none,0.0
0.84,treat none,0.0
0.85,treat none,0.0
0.86,treat none,0.0
0.87,treat none,0.0
0.88,treat none,0.0
0.89,treat none,0.0
0.9,treat none,0.0
0.91,treat none,0.0
0.92,treat none,0.0
0.93,treat none,0.0
0.94,treat none,0.0
0.95,treat none,0.0
0.01,Logistic regression,0.548920578332343
0.02,Logistic regression,0.544973544973545
0.03,Logistic regression,0.5415178671697775
0.04,Logistic regression,0.538171750181554
0.05,Logistic regression,0.5356037151702786
0.06,Logistic regression,0.5308487461178325
0.07,Logistic regression,0.5295288963853164
0.08,Logistic regression,0.526806858008904
0.09,Logistic regression,0.5241087888146712
0.1,Logistic regression,0.5198499152747519
0.11,Logistic regression,0.517184401850628
0.12,Logistic regression,0.5153495741731036
0.13,Logistic regression,0.5113314802293842
0.14,Logistic regression,0.5092465926939251
0.15,Logistic regression,0.506087402281174
0.16,Logistic regression,0.5042535532731611
0.17,Logistic regression,0.5015880515526157
0.18,Logistic regression,0.4996014666029013
0.19,Logistic regression,0.4948626913042309
0.2,Logistic regression,0.49074074074074076
0.21,Logistic regression,0.4891619094895342
0.22,Logistic regression,0.48653706496843757
0.23,Logistic regression,0.4866734572616926
0.24,Logistic regression,0.48566678133241603
0.25,Logistic regression,0.4832970225127088
0.26,Logistic regression,0.4825119236883943
0.27,Logistic regression,0.4796460441101859
0.28,Logistic regression,0.478637133865892
0.29,Logistic regression,0.47660253459756363
0.3,Logistic regression,0.4746342981637099
0.31,Logistic regression,0.4726247987117553
0.32,Logistic regression,0.4687299756503909
0.33,Logistic regression,0.46590576529119115
0.34,Logistic regression,0.4652736515481614
0.35,Logistic regression,0.4624601977543154
0.36,Logistic regression,0.4601034858387799
0.37,Logistic regression,0.4574125946674966
0.38,Logistic regression,0.45456462154754373
0.39,Logistic regression,0.45278402800100004
0.4,Logistic regression,0.44880174291938996
0.41,Logistic regression,0.44664155681104833
0.42,Logistic regression,0.443430245661483
0.43,Logistic regression,0.4407942514237664
0.44,Logistic regression,0.43783068783068785
0.45,Logistic regression,0.4359279065161418
0.46,Logistic regression,0.4347615589445654
0.47,Logistic regression,0.4337156246146257
0.48,Logistic regression,0.4317915200268142
0.49,Logistic regression,0.42887351018838904
0.5,Logistic regression,0.4270152505446623
0.51,Logistic regression,0.42294695656040193
0.52,Logistic regression,0.4210239651416122
0.53,Logistic regression,0.41688684930236874
0.54,Logistic regression,0.4138012692999905
0.55,Logistic regression,0.406318082788671
0.56,Logistic regression,0.4020598138245197
0.57,Logistic regression,0.39740082079343364
0.58,Logistic regression,0.3944911297852475
0.59,Logistic regression,0.3922631383176577
0.6,Logistic regression,0.3872549019607843
0.61,Logistic regression,0.38266018658175516
0.62,Logistic regression,0.3740396743492719
0.63,Logistic regression,0.36704351410233765
0.64,Logistic regression,0.3660130718954248
0.65,Logistic regression,0.3652349828820417
0.66,Logistic regression,0.3540305010893246
0.67,Logistic regression,0.34690037631214105
0.68,Logistic regression,0.33959694989106753
0.69,Logistic regression,0.33266568276055947
0.7,Logistic regression,0.3304284676833697
0.71,Logistic regression,0.31838329201412374
0.72,Logistic regression,0.31201369436663556
0.73,Logistic regression,0.30113773904623575
0.74,Logistic regression,0.29336349924585214
0.75,Logistic regression,0.28649237472766886
0.76,Logistic regression,0.27505446623093677
0.77,Logistic regression,0.26446907265321584
0.78,Logistic regression,0.25807090512972863
0.79,Logistic regression,0.2555763045959124
0.8,Logistic regression,0.24836601307189535
0.81,Logistic regression,0.2356954477697511
0.82,Logistic regression,0.2237956911159526
0.83,Logistic regression,0.2254261181596822
0.84,Logistic regression,0.227124183006536
0.85,Logistic regression,0.20624546114742195
0.86,Logistic regression,0.18611889200124496
0.87,Logistic regression,0.169348081112787
0.88,Logistic regression,0.15867828612926652
0.89,Logistic regression,0.1375519904931669
0.9,Logistic regression,0.11328976034858385
0.91,Logistic regression,0.11147421931735652
0.92,Logistic regression,0.09967320261437898
0.93,Logistic regression,0.10830999066293176
0.94,Logistic regression,0.10457516339869291
0.95,Logistic regression,0.046840958605664604
0.01,Random forest,0.5490856275170001
0.02,Random forest,0.5455515539549153
0.03,Random forest,0.5423264380207983
0.04,Random forest,0.5383533042846769
0.05,Random forest,0.5343423919275312
0.06,Random forest,0.5317990080192834
0.07,Random forest,0.5292243540187879
0.08,Random forest,0.5266647721890688
0.09,Random forest,0.5234982882041705
0.1,Random forest,0.5211813120309853
0.11,Random forest,0.5176372671415632
0.12,Random forest,0.5156961774608834
0.13,Random forest,0.5129842486164325
0.14,Random forest,0.5081066018138521
0.15,Random forest,0.5055107010124311
0.16,Random forest,0.5035273368606702
0.17,Random forest,0.5020736540934982
0.18,Random forest,0.500292257824539
0.19,Random forest,0.4980230775437747
0.2,Random forest,0.4970043572984749
0.21,Random forest,0.4958633242326466
0.22,Random forest,0.4937712976928663
0.23,Random forest,0.4929123164417282
0.24,Random forest,0.4900240798073615
0.25,Random forest,0.4869281045751634
0.26,Random forest,0.48498498498498505
0.27,Random forest,0.4823618945295013
0.28,Random forest,0.4782740256596465
0.29,Random forest,0.4733038755408267
0.3,Random forest,0.47027699968876435
0.31,Random forest,0.46714660099144334
0.32,Random forest,0.46629501473792134
0.33,Random forest,0.46499528501284426
0.34,Random forest,0.4621707268766092
0.35,Random forest,0.461706049941344
0.36,Random forest,0.45840141612200436
0.37,Random forest,0.4561503613791196
0.38,Random forest,0.4534401574249772
0.39,Random forest,0.4514446944533733
0.4,Random forest,0.45243282498184456
0.41,Random forest,0.4510542446733873
0.42,Random forest,0.4470362857786794
0.43,Random forest,0.4456484348125216
0.44,Random forest,0.44234360410831
0.45,Random forest,0.4398890869479105
0.46,Random forest,0.4354474300008069
0.47,Random forest,0.430961483125745
0.48,Random forest,0.428523546170605
0.49,Random forest,0.4292579777008843
0.5,Random forest,0.4248366013071896
0.51,Random forest,0.42045707171757585
0.52,Random forest,0.42175018155410304
0.53,Random forest,0.4195985722894358
0.54,Random forest,0.41342237378043006
0.55,Random forest,0.4104333091261195
0.56,Random forest,0.40671420083184784
0.57,Random forest,0.4039114353751837
0.58,Random forest,0.40201265691461774
0.59,Random forest,0.39574366331898614
0.6,Random forest,0.39161220043572986
0.61,Random forest,0.3891402714932127
0.62,Random forest,0.3841875931659213
0.63,Random forest,0.3776423482305835
0.64,Random forest,0.3712176228516098
0.65,Random forest,0.3671023965141612
0.66,Random forest,0.36428296808919647
0.67,Random forest,0.3494421337558592
0.68,Random forest,0.34654139433551195
0.69,Random forest,0.33463349497505096
0.7,Random forest,0.32788671023965144
0.71,Random forest,0.3213131996093457
0.72,Random forest,0.31201369436663556
0.73,Random forest,0.30137981118373275
0.74,Random forest,0.29763700351935646
0.75,Random forest,0.289760348583878
0.76,Random forest,0.28431372549019607
0.77,Random forest,0.2722364308042058
0.78,Random forest,0.2583679936621113
0.79,Random forest,0.24499429401390183
0.8,Random forest,0.23420479302832242
0.81,Random forest,0.23277147116156402
0.82,Random forest,0.22415879932219804
0.83,Random forest,0.21607074202229914
0.84,Random forest,0.20942265795206974
0.85,Random forest,0.20951343500363107
0.86,Random forest,0.1959228135698724
0.87,Random forest,0.1746271158035864
0.88,Random forest,0.1644880174291939
0.89,Random forest,0.14042384630619922
0.9,Random forest,0.1241830065359477
0.91,Random forest,0.10445412732994427
0.92,Random forest,0.0811546840958605
0.93,Random forest,0.05524431995020221
0.94,Random forest,0.016702977487291326
0.95,Random forest,0.0435729847494554
0.01,XGBoost,0.5490966307959771
0.02,XGBoost,0.5446178471388555
0.03,XGBoost,0.5407205264694652
0.04,XGBoost,0.5374455337690632
0.05,XGBoost,0.5331384015594541
0.06,XGBoost,0.5289250451953831
0.07,XGBoost,0.5256166982922201
0.08,XGBoost,0.522875816993464
0.09,XGBoost,0.5210443151619621
0.1,XGBoost,0.5199709513435004
0.11,XGBoost,0.5176984651538518
0.12,XGBoost,0.515052485640721
0.13,XGBoost,0.5136102972478902
0.14,XGBoost,0.510639914880681
0.15,XGBoost,0.509675765731129
0.16,XGBoost,0.5074177819275859
0.17,XGBoost,0.5049085229808122
0.18,XGBoost,0.5040384717572667
0.19,XGBoost,0.5030527986228785
0.2,XGBoost,0.5013616557734205
0.21,XGBoost,0.49946223215024405
0.22,XGBoost,0.49675995754427127
0.23,XGBoost,0.49504852446028913
0.24,XGBoost,0.4931200550395597
0.25,XGBoost,0.4909222948438635
0.26,XGBoost,0.48916563622445974
0.27,XGBoost,0.488032351448951
0.28,XGBoost,0.4872306947470347
0.29,XGBoost,0.485409187149038
0.3,XGBoost,0.48381574852163084
0.31,XGBoost,0.4820971867007673
0.32,XGBoost,0.4772523388440344
0.33,XGBoost,0.47457158651188497
0.34,XGBoost,0.47355912061794414
0.35,XGBoost,0.4698340874811463
0.36,XGBoost,0.4676606753812636
0.37,XGBoost,0.4638793789120587
0.38,XGBoost,0.4622601728863589
0.39,XGBoost,0.4584449444623022
0.4,XGBoost,0.45642701525054463
0.41,XGBoost,0.45369447213913816
0.42,XGBoost,0.451731650514612
0.43,XGBoost,0.4470817566792799
0.44,XGBoost,0.4434329287270464
0.45,XGBoost,0.4386017033075857
0.46,XGBoost,0.4346001775195675
0.47,XGBoost,0.43262629999588936
0.48,XGBoost,0.43170772582537287
0.49,XGBoost,0.42883079157588966
0.5,XGBoost,0.42592592592592593
0.51,XGBoost,0.4241696678671468
0.52,XGBoost,0.42011619462599853
0.53,XGBoost,0.41593658740091777
0.54,XGBoost,0.4130908402008146
0.55,XGBoost,0.41140159767610746
0.56,XGBoost,0.4070112893642305
0.57,XGBoost,0.4031767745858033
0.58,XGBoost,0.39900404606286966
0.59,XGBoost,0.3974440724799405
0.6,XGBoost,0.39760348583877997
0.61,XGBoost,0.3924082453494218
0.62,XGBoost,0.39043687650498793
0.63,XGBoost,0.3811164105281752
0.64,XGBoost,0.37375938029532796
0.65,XGBoost,0.37239340180516645
0.66,XGBoost,0.3679354094579008
0.67,XGBoost,0.3634052947778438
0.68,XGBoost,0.3577069716775599
0.69,XGBoost,0.34405088200154615
0.7,XGBoost,0.3405954974582426
0.71,XGBoost,0.33412215460897
0.72,XGBoost,0.3328664799253035
0.73,XGBoost,0.3255466795771807
0.74,XGBoost,0.32646220881515
0.75,XGBoost,0.3246187363834423
0.76,XGBoost,0.3140885984023239
0.77,XGBoost,0.3081367812825613
0.78,XGBoost,0.300752624282036
0.79,XGBoost,0.2899159663865546
0.8,XGBoost,0.275599128540305
0.81,XGBoost,0.2705538355693154
0.82,XGBoost,0.25587024933430164
0.83,XGBoost,0.23574266307830327
0.84,XGBoost,0.2077886710239652
0.85,XGBoost,0.20261437908496738
0.86,XGBoost,0.1876750700280112
0.87,XGBoost,0.16851013909837437
0.88,XGBoost,0.16158315177923016
0.89,XGBoost,0.14161220043572983
0.9,XGBoost,0.125272331154684
0.91,XGBoost,0.13652868554829334
0.92,XGBoost,0.09640522875816981
0.93,XGBoost,0.06240273887332695
0.94,XGBoost,0.057007988380537555
0.95,XGBoost,-0.014161220043572786
