feature,mean,std
ST_Slope,0.07868592885113473,0.01617484590477132
ChestPainType,0.028826488818178796,0.010918087513337253
Cholesterol,0.015946654923741983,0.007980855216378393
Sex,0.01572221354129672,0.0034591908453537076
ExerciseAngina,0.00969039873858259,0.0035214956255140576
Oldpeak,0.007784659384159338,0.004875029359905715
FastingBS,0.006409671813666269,0.0025731094957564898
Age,0.001582240720485235,0.0013577009464285034
RestingBP,0.00012275617805679317,0.00071040758516941
MaxHR,-9.413279921968833e-05,0.00041974641029373706
RestingECG,-0.001022723506210037,0.0006774975333374884
