model,metric,honest,test_tuned,optimism,p
Logistic regression,f1,0.8845209249989162,0.8947696761917137,0.010248751192797268,0.005467605986518259
Logistic regression,balanced_accuracy,0.8627679209814814,0.8752825641244181,0.01251464314293695,0.026798014173889266
Logistic regression,sensitivity,0.9118773053775966,0.9212968355659095,0.009419530188312937,0.5553131067884163
Logistic regression,specificity,0.8136585365853658,0.8292682926829268,0.015609756097560958,0.5038118810354136
Random forest,f1,0.886240934721986,0.8973891937728011,0.011148259050815313,0.011025232202678785
Random forest,balanced_accuracy,0.8633304449526733,0.8773954856030797,0.014065040650406471,0.016161024810275603
Random forest,sensitivity,0.9193438167346147,0.9260104834012813,0.006666666666666692,0.6411728096686592
Random forest,specificity,0.8073170731707318,0.8287804878048781,0.021463414634146326,0.2995614727159509
XGBoost,f1,0.8880924704701165,0.8989212328798444,0.010828762409727792,0.013957782866892199
XGBoost,balanced_accuracy,0.8639485584139475,0.8780691885544365,0.014120630140488916,0.0480087306668697
XGBoost,sensitivity,0.9264337021937488,0.9327237429625316,0.006290040768782781,0.7396460405686646
XGBoost,specificity,0.8014634146341463,0.8234146341463415,0.021951219512195114,0.4451629893260783
Hist. gradient boosting,f1,0.8848559623076236,0.8989462697959583,0.014090307488334619,0.011298274427781205
Hist. gradient boosting,balanced_accuracy,0.8618047170570715,0.8783951494145111,0.016590432357439452,0.016721130944866176
Hist. gradient boosting,sensitivity,0.9177557755775578,0.9319122500485344,0.01415647447097648,0.5224139593654586
Hist. gradient boosting,specificity,0.8058536585365854,0.8248780487804879,0.01902439024390244,0.510391963720504
MLP (scikit-learn),f1,0.8761296819940366,0.8891115892352291,0.012981907241192383,0.00904012222618584
MLP (scikit-learn),balanced_accuracy,0.8512841929817084,0.8699134432812005,0.01862925029949192,0.007877017124527055
MLP (scikit-learn),sensitivity,0.9098854591341489,0.9110463987575228,0.001160939623374091,0.9434021535307752
MLP (scikit-learn),specificity,0.7926829268292682,0.8287804878048781,0.036097560975609747,0.13816638086050131
Stacking (LR + RF + XGB),f1,0.8910082938480813,0.9016231061436555,0.010614812295574132,0.0014458986939889812
Stacking (LR + RF + XGB),balanced_accuracy,0.8697801042658068,0.8811587615002533,0.011378657234446532,0.10423899795481179
Stacking (LR + RF + XGB),sensitivity,0.9205358182877112,0.9354882547078237,0.01495243642011256,0.3105798701170602
Stacking (LR + RF + XGB),specificity,0.8190243902439026,0.826829268292683,0.007804878048780486,0.7697638139764624
